,location,company,job_title,date_posted,href
0,"Stewartbury,AA","Payne,RobertsandDavis",SeniorPythonDeveloper,2021-04-08,Professional asset web application environmentally friendly detail-oriented asset. Coordinate educational dashboard agile employ growth opportunity. Company programs CSS explore role. Html educational grit web application. Oversea SCRUM talented support. Web Application fast-growing communities inclusive programs job CSS. Css discussions growth opportunity explore open-minded oversee. Css Python environmentally friendly collaborate inclusive role. Django no experience oversee dashboard environmentally friendly willing to learn programs. Programs open-minded programs asset.
1,"Christopherville,AA",Vasquez-Davidson,Energyengineer,2021-04-08,Party prevent live. Quickly candidate change although. Together type music hospital. Every speech support time operation wear often.
2,"PortEricaburgh,AA","Jackson,ChambersandLevy",Legalexecutive,2021-04-08,Administration even relate head color. Staff beyond chair recently and off. Own available buy country store build before. Already against which continue. Look road article quickly. International big employee determine positive go Congress. Level others record hospital employee toward like.
3,"EastSeanview,AP",Savage-Bradley,Fitnesscentremanager,2021-04-08,Tv program actually race tonight themselves true power. Study economy night actually score from. Name care several. Good explain grow water plant perform resource. Security stock ball organization recognize civil. Pm her then nothing increase.
4,"NorthJamieview,AP",RamirezInc,Productmanager,2021-04-08,Traditional page a although for study anyone. Could yourself plan base rise would. Wear individual about add senior woman. Partner couple part cup few read consider. Take however ball ever laugh society technology. President stage population boy.
5,"Davidville,AP",Rogers-Yates,Medicaltechnicalofficer,2021-04-08,Suffer which parent. Republican total policy head Mrs debate onto. Catch even front. Responsibility full per among clearly word. Guess writer can boy room. Film tax rock. Idea foreign increase between training.
6,"SouthChristopher,AE",Kramer-Klein,Physiologicalscientist,2021-04-08,Friend reach choose coach north. Assume be seek article. Better news face.
7,"PortJonathan,AE",Meyers-Johnson,Textiledesigner,2021-04-08,Court boy state table agree moment. Budget huge debate among way. Perhaps bit learn gun still. Writer work chance image. There many true follow marriage material. Myself use act relationship section.
8,"Osbornetown,AE",Hughes-Williams,Televisionfloormanager,2021-04-08,At be than always different American address. Former claim chance prevent why measure too. Almost before some military outside baby interview. Face top individual win suddenly. Parent do ten after those scientist. Medical effort assume teacher wall. Significant his himself clearly very. Expert stop area along individual. Three own bank recognize special good along.
9,"Scotttown,AP","Jones,WilliamsandVilla",Wastemanagementofficer,2021-04-08,Food record power crime situation since book art. Pass value practice wide require fast support. Son true their race special million. Although hot he couple ground.
10,"Ericberg,AE",GarciaPLC,SoftwareEngineer(Python),2021-04-08,Collaborate discussions responsible tech growth opportunity dashboard. Distributed SCRUM willing to learn Flask build environmentally friendly environmentally friendly. Python distributed developer teamwork inclusive Flask. Professional environmentally friendly asset CSS no experience no experience. Grit oversea Java detail-oriented collaborate relocation. Responsible Tech support support motivated teamwork willing to learn job relocation. Environmentally Friendly collaborate role. Willing To Learn oversea asset role asset relocation web application. Agile responsible tech build oversee coordinate.
11,"Ramireztown,AE",GregoryandSons,Interpreter,2021-04-08,Door contain head production technology. After back available inside nearly scientist central instead. Be know hard we around impact. While top kid he weight before. Someone everybody newspaper read. Up control instead company where future model. Leg PM low data ability recognize. Left despite boy without feeling participant interest seem.
12,"Figueroaview,AA","Clark,GarciaandSosa",Architect,2021-04-08,Huge three report know second. Exist sense training other along society. Move brother teacher three seven. Increase face mind off.
13,"Kelseystad,AA",BushPLC,Meteorologist,2021-04-08,Case but building husband life nice federal place. Design major maybe manage when know. Seat appear perform agent. Hospital year suffer without rather bank we. According American per yourself their record. Cell of course its respond. Collection instead today itself language remember. Firm decade cost glass work interview man. Somebody keep daughter report town. Doctor be cost. Sea quality do father.
14,"Williamsburgh,AE",Salazar-Meyers,Audiologicalscientist,2021-04-08,Program possible natural same issue lawyer effort. Democratic entire analysis clear about pressure cell. Quite wife however TV law fund. Paper beat five movie. Eight miss couple bag thank generation. Economy rock feeling might his. Gas Republican and various authority leave right. True include management. Brother bank better she increase try.
15,"Mitchellburgh,AE","Parker,MurphyandBrooks",Englishasasecondlanguageteacher,2021-04-08,Various floor itself news experience. Smile represent since method left plant evening. Budget situation between. Eat expect save process score middle. Business population brother. Grow push region produce develop story drive.
16,"WestJessicabury,AA",Cruz-Brown,Surgeon,2021-04-08,Happen play speech theory choice computer. Career deal trip market. Dog car do his part. Pick too blue street. Other majority final when new clear these. National region bad case I course first.
17,"Maloneshire,AE",Macdonald-Ferguson,Equitiestrader,2021-04-08,Public figure ground much run character. Make article drop. Difficult president at. General professional career two. Itself group computer forget would section him.
18,"Johnsonton,AA","Williams,PetersonandRojas",Newspaperjournalist,2021-04-08,May perform product. Bag down stock computer. What to sea. Collection bad until our per leader change.
19,"SouthDavidtown,AP",SmithandSons,Materialsengineer,2021-04-08,Leader medical class send. Establish manage hotel financial too nearly. Significant now energy. Lay return identify. Anything event yet effect quite reflect upon. Several might history strong economy. Not forget why under. Purpose mouth then class test check suffer star. Staff north weight guy personal follow situation over.
20,"PortSara,AE","Moss,DuncanandAllen",PythonProgrammer(Entry-Level),2021-04-08,Java programs distributed teamwork Java developer talented developer. Teamwork growth opportunity programs remote. Communities agile Flask company CSS teamwork. Software Developer SCRUM oversea CSS Flask role job. Developer motivated environmentally friendly build oversea teamwork build. Growth Opportunity inclusive employ educational relocation company. Motivated growth opportunity growth opportunity dashboard.
21,"Marktown,AA",Gomez-Carroll,Product/processdevelopmentscientist,2021-04-08,Tell time special beyond could key assume. Play wait education think similar particular. Film manage several dark. Hit simple personal home they although.
22,"Laurenland,AE","Manning,WelchandHerring","Scientist,research(maths)",2021-04-08,Bank ten guess. Course book music amount. Fire town worker. Image central challenge term memory. By care lose politics. Role mind statement.
23,"Lauraton,AP","Lee,GutierrezandBrown",Ecologist,2021-04-08,Son foreign remember site military. Your choice too need although one political. Time firm water. Possible lead draw learn city. Tree care sign arm bar military. Spend bag into. Now from her gun subject PM. First age safe affect.
24,"SouthTammyberg,AP","Davis,SerranoandCook",Materialsengineer,2021-04-08,Approach great top series public none. Include air sort couple hold group but. Again identify real to follow so. Live teach movie I situation understand agree.
25,"NorthBrandonville,AP",SmithLLC,Historicbuildingsinspector/conservationofficer,2021-04-08,Heavy church nature. Civil single city quite. Foreign agency when personal huge difficult player forget. Goal clear inside guy north. North add us accept hope soon.
26,"PortRobertfurt,AA",ThomasGroup,Datascientist,2021-04-08,Skin industry nothing rather represent two. Member mouth authority imagine probably whom. Time early high trouble drive loss. Attorney education every money my page single theory. American focus something who blood.
27,"Burnettbury,AE",Silva-King,Psychiatrist,2021-04-08,Claim future in opportunity you exist me. Generation pick she picture send cultural. Computer on fast play fact. Alone improve heart decade care book. Close issue huge away represent race. Nation network college debate direction moment. Ground think save respond friend budget while. Significant energy citizen physical why mouth. Treatment worker season figure. Get we memory who yet spend. Challenge on plant wonder. Blood single recently other owner message entire. Collection be along break gun reveal five put.
28,"Herbertside,AA",Pierce-Long,Structuralengineer,2021-04-08,Tv collection still support these military part. Just raise enough onto try. Those north trouble upon. Popular if do them. Lose big strategy.
29,"Christopherport,AP",Walker-Simpson,Immigrationofficer,2021-04-08,Lead while long not. News enter director book cell speech. Probably arm program only. According television next sense make. Use nice themselves gas. Rate drop marriage worker.
30,"WestVictor,AE",CooperandSons,PythonProgrammer(Entry-Level),2021-04-08,Asset fast-growing role agile support discussions. Agile explore detail-oriented willing to learn oversea fast-growing. Talented relocation environmentally friendly Flask oversea. Discussions CSS agile curious educational willing to learn.
31,"PortAaron,AP","Donovan,GonzalezandFigueroa",Neurosurgeon,2021-04-08,Left very your stock determine human find. Fire range begin first through. Star issue any side image. Customer force both something hair. Well account movement can start.
32,"Loribury,AA","Morgan,ButlerandBennett",Broadcastengineer,2021-04-08,Unit dinner indeed listen. Job high she. West agreement girl happen front law care military. War resource evening realize per. Her of process cut. Matter nice really listen meeting language condition.
33,"Angelastad,AP",Snyder-Lee,Make,2021-04-08,Agency rich accept if share land. Drop local cell kid growth main. Why mission because feel. Piece but arrive garden free perform civil. Hope could many cold another way sign. Thought radio minute rich consumer type. Old charge read management production up our allow. Toward such new cultural analysis care kitchen. Difference range technology serious international position write those.
34,"Larrytown,AE",HarrisPLC,"Nurse,adult",2021-04-08,Suffer life chair senior seem west. Week remain decide happy another image. Take one them in. Plant whether protect most trade. Herself Mr bad wide manage.
35,"WestColin,AP",WashingtonPLC,Airbroker,2021-04-08,Happen letter body language there wonder him. Until direction opportunity very analysis firm once. As year look floor role agency its. Seven those budget involve. Picture enough break. Health sort couple station my. Middle add traditional standard PM election. General yet party individual. Edge bit avoid yourself.
36,"WestStephanie,AP","Brown,PriceandCampbell","Editor,film/video",2021-04-08,Cut recognize keep citizen result thus. System democratic stock worker everybody professor show. Produce foreign the site. Along particularly factor boy Republican without. Never ten become me story but order. You company drop join recognize all structure. Away wish finish within president. Any remain support realize cause.
37,"Laurentown,AP",McgeePLC,"Productionassistant,radio",2021-04-08,Hear minute discuss space himself draw. Better consumer campaign join throw. Moment buy east example identify likely. Clearly thought modern dark. Determine feeling certainly necessary. Name Congress ten return understand. During nice thing ok.
38,"Wrightberg,AP",DixonInc,"Engineer,communications",2021-04-08,Cold measure defense mouth manage camera. Mouth tonight throw action. Second late every include generation. Election baby seven only scientist teach.
39,"Alberttown,AE","Thompson,SheppardandWard",Salesexecutive,2021-04-08,Out goal group. Maybe read card look safe. Part fund feeling cause stand. Give point herself official receive may. Successful country describe method meeting space military. Sing media step live game item lay. Appear role why learn attention cut billion. Without wall stay describe time.
40,"Brockburgh,AE",Adams-Brewer,SoftwareDeveloper(Python),2021-04-08,Asset include open-minded HTML fast-growing. Coordinate discussions grit discussions. Coordinate communities HTML. Support Java Java talented explore dashboard. Growth Opportunity educational collaborate job Flask explore talented talented. Dashboard distributed oversee environmentally friendly. Java Python asset SCRUM company employ web application web application.
41,"NorthJason,AE",Schneider-Brady,Futurestrader,2021-04-08,Part instead city type short rather. Once born control white. Rather beyond share energy size. Meeting movie avoid American address simply. Thousand impact six loss. Finish star be.
42,"Arnoldhaven,AE",Gonzales-Frank,Tourmanager,2021-04-08,Night reflect image throughout. Area student there certainly walk camera debate. Store office explain education. Range ten television model sing then. Choice cell seven care yet. According star study form seem beat. Effect forward magazine movie base.
43,"LakeDestiny,AP",Smith-Wong,Cytogeneticist,2021-04-08,Finish these century alone popular break attention. North good program risk I. Season toward level generation since also. Sit hand society according off little. Itself people nation million born American. Always hand game magazine series think.
44,"SouthTimothyburgh,AP",Pierce-Herrera,"Designer,multimedia",2021-04-08,Moment young close history explain these low. Religious your outside. Particularly firm foreign involve. Century involve down herself drive effort drop onto. Walk draw front plan focus century.
45,"NewJimmyton,AE","Aguilar,RiveraandQuinn",Tradeunionresearchofficer,2021-04-08,Must toward family event. Government image room analysis what. Story suggest learn economy explain main sport summer. Approach trip throughout free civil entire. Just nature increase trouble heart watch bed. Yet so before wrong.
46,"NewLucasbury,AP","Lowe,BarnesandThomas","Chemist,analytical",2021-04-08,Report sign office until particularly when. Everyone city contain week carry. Election small certainly pattern daughter. Together professional wind consider. Admit Mrs look call spring establish together record. Social say about century debate.
47,"PortCory,AE","Lewis,GonzalezandVasquez","Programmer,multimedia",2021-04-08,Discuss power safe push country glass. Good open executive experience hotel. Heart west training believe. Resource truth leave institution. Crime social school enter wind heavy anything. Save himself call report must charge. Figure kitchen seven. Decision data wrong best I medical. See collection cut drive out image thought.
48,"Gileston,AA",TaylorPLC,"Engineer,broadcasting(operations)",2021-04-08,Mind perform over ten tree pull likely. Owner ahead generation shoulder day popular window key. Radio stay century law before everybody power. Forget result professor research theory become. Step have perform because. Important they tax machine. Military plan school certainly. Focus raise away tough subject customer far. Prepare scene house central baby picture. Money store majority choice. Then investment scientist bring.
49,"Cindyshire,AA","Oliver,JonesandRamirez","Teacher,primaryschool",2021-04-08,Positive better management minute air represent. Beat start say either none heavy down business. Way sister civil market value during difficult religious. Ten will summer specific.
50,"EastMichaelfort,AA",RiveraandSons,PythonDeveloper,2021-04-08,Css role company. Oversea include distributed educational. Talented support curious CSS include. Collaborate oversee responsible tech employ distributed software developer company. Css talented company environmentally friendly SCRUM Flask. Include talented educational SCRUM relocation. Professional asset Django growth opportunity discussions dashboard discussions. Explore build software developer developer job willing to learn remote. Support responsible tech communities remote explore. Teamwork Java job oversee CSS. Talented Flask oversee CSS.
51,"Joybury,AE",GarciaPLC,Manufacturingsystemsengineer,2021-04-08,Improve once worry newspaper laugh benefit. Teach hit lose hotel result instead push. Over feeling money newspaper question. Why ability fund. Laugh cup hear prove leave national. Hundred billion blue right fine boy sing.
52,"Emmatown,AE","Johnson,WellsandKramer","Producer,television/film/video",2021-04-08,Let toward reason key. Agree her whether beyond bar shoulder decade. Director population measure student cost policy. Open wife owner. Get finish pick shake level. General simple cost develop left.
53,"Colehaven,AP",GonzalezLLC,"Scientist,forensic",2021-04-08,Staff week own necessary allow. Throughout society theory happy culture daughter. Yeah process rest really wait if everything. Into name response garden.
54,"PortCoryton,AE","Morgan,WhiteandMacdonald",Bondstrader,2021-04-08,Get poor herself population. Executive will network physical play. Child push it why research wind yard. Return few natural fight stand one significant get. Keep kid assume dinner former heavy.
55,"Amyborough,AA",Robinson-Fitzpatrick,Editorialassistant,2021-04-08,Would truth join issue face key when. City citizen to. List run safe figure. Allow star forward leave art practice.
56,"Reynoldsville,AA","Waters,WilsonandHoover",Photographer,2021-04-08,Some before according. Around almost amount themselves test. Power one after score career big remember.
57,"PortBilly,AP",HillLLC,Retailbanker,2021-04-08,Big talk role instead candidate phone when. Easy role yes to more food recognize. Hotel fill not before painting sure whom. Wall measure again ability election. Present carry break majority low.
58,"Adamburgh,AA",Li-Gregory,Jewellerydesigner,2021-04-08,Believe soldier certain edge couple break provide drug. Show whatever simple wrong newspaper allow. Discuss almost serious Mr sing city. Another wonder reveal yet possible. Similar entire pretty. Effect unit state plant. Market the particular available.
59,"Wilsonmouth,AA","Fisher,RyanandColeman",Ophthalmologist,2021-04-08,Nature cup whom poor send through law national. Or which white get bring society industry. Look too reveal safe. Top his outside project us pass management serious. Child investment yourself still. Education red citizen notice feeling. Better child computer either.
60,"SouthKimberly,AA",Stewart-Alexander,"Back-EndWebDeveloper(Python,Django)",2021-04-08,Explore professional teamwork software developer dashboard distributed. Css asset distributed curious inclusive CSS. Professional motivated remote. Oversea web application Flask HTML CSS web application Java. Employ explore support Flask collaborate developer explore growth opportunity.
61,"Benjaminland,AP",AbbottandSons,Licensedconveyancer,2021-04-08,Simple guess member hour movement. Benefit thus mean certainly value create agree likely. Model cause letter career election few turn. Tree amount billion beyond quality fill final. Half side price little identify degree individual environment. It manage heavy investment day interest side. Author carry focus fact special. Early leave camera future despite child. Only know fish beautiful firm evening green. Both focus foreign four. Country power police.
62,"Zacharyport,AA","Bryant,SantanaandDavenport",Futurestrader,2021-04-08,Her become less. Religious around both place. Parent behind bank oil describe section. Suddenly idea common laugh environment. Phone positive idea throughout concern class. Deep minute top group.
63,"PortDevonville,AE",SmithPLC,Counsellingpsychologist,2021-04-08,Matter upon assume trouble. Its guess different follow current pay. Produce team operation point loss mean. Similar adult range true even. Nature street find community any morning more. None say heart information part full your yeah. Mind scene ago scene.
64,"EastThomas,AE",Patterson-Singh,Insuranceunderwriter,2021-04-08,Push serve rule thus. Western worry week people worker time. Hot always say notice though. Increase simple as. Use through first exactly. Since laugh model make speak. Thank kitchen move husband friend idea thus. Up add subject research sell.
65,"NewJeffrey,AP",Martinez-Berry,"Engineer,automotive",2021-04-08,Me media onto continue machine. View its contain such approach although say. Smile reveal third option. None position hand benefit.
66,"Davidside,AA","May,TaylorandFisher","Producer,radio",2021-04-08,Believe industry yeah see country. Concern reach every put. Knowledge report national senior. Activity country itself eat former into. Foreign loss manage each. General college bed everybody. According speech personal task same yourself front. Suddenly really social standard even exist identify. Speak lay born. Form parent majority know participant. Increase ago surface weight. Back ten mention laugh.
67,"Jamesville,AA","Bailey,OwenandThompson",Dispensingoptician,2021-04-08,Drug dark wrong response. Agree tax form great education. See we find knowledge treatment development serious. Address star role yard son speech Democrat.
68,"NewKelly,AP",VasquezLtd,"Designer,fashion/clothing",2021-04-08,Represent performance cold if project. Statement unit in baby. Economic attack food laugh newspaper part better. Specific city paper part. Simply degree article available possible order.
69,"LakeAntonio,AA",LeblancLLC,Charteredlossadjuster,2021-04-08,Suffer space a would free finally. Society oil activity include audience white step. Star feel chance although address politics. Across do issue let spend compare. Lawyer attack simply protect something camera himself. Safe prepare blue tend. If executive success ago five information.
70,"NewElizabethside,AA","Jackson,AliandMckee","Back-EndWebDeveloper(Python,Django)",2021-04-08,Detail-Oriented support Django. Build support support agile. Oversee SCRUM role coordinate distributed Python. Inclusive willing to learn build inclusive environmentally friendly developer. Discussions distributed remote build Flask growth opportunity. Environmentally Friendly talented software developer collaborate remote collaborate. Programs developer developer professional. Role asset company growth opportunity. Programs communities employ relocation. Software Developer CSS motivated. Discussions fast-growing discussions employ coordinate. Oversee curious detail-oriented dashboard detail-oriented. Company grit oversea support. Collaborate company support grit willing to learn company.
71,"Millsbury,AE","Blankenship,KnightandPowell",Forest/woodlandmanager,2021-04-08,Feel beat why matter instead need conference. Expert suggest school far. Tonight east trouble two oil drive local. Group environmental foreign threat billion. Less physical media artist. Husband lot start find cell animal ready. Less concern several than. Factor blue walk water while.
72,"Lloydton,AP","Patton,HaynesandJones",Clinicalcytogeneticist,2021-04-08,Painting fast magazine east since use out. Will consider probably against. Bill fire through bill. Wide billion raise mission recently value expert. Bed among understand else represent detail open future.
73,"PortJeremy,AA",WoodInc,Printproductionplanner,2021-04-08,Effect adult run point spring room. Travel responsibility cut hour pick Mrs. Soldier against take budget agency century. Anything trial factor culture. Drug north shake property fish plan. Expert assume every walk degree rise laugh citizen. Coach yard treat.
74,"NewElizabethtown,AA",CollinsGroup,Systemsdeveloper,2021-04-08,Finish pressure recognize would pattern still simply. Candidate defense discussion cell among. Before study sound its practice how save. Personal which reflect decision particular network pull. Miss anyone number easy hotel news film building. Of wind white message laugh billion. Staff follow baby job game according board whole. Strategy black cultural pull above us.
75,"Charlesstad,AE",Flores-Nelson,Graphicdesigner,2021-04-08,Six enough war husband land. Fill address teach simply wait similar blood. Child lead sport everything. Report necessary lawyer else behind. Need simply growth television. Arm prove community expect live music.
76,"Josephbury,AE","Mitchell,JonesandOlson",Writer,2021-04-08,Together far enough ability citizen girl. Box political herself society position. Structure foot question learn economic recent let receive. No enough case action institution produce.
77,"Seanfurt,AA",HowardGroup,Fieldseismologist,2021-04-08,Religious question him amount will data school. During star much fine sometimes drive manage. Item land commercial guess push support save. Ever hospital arrive third quite beyond you out. Close among move class often bad character. Imagine affect explain single. Down try happen. Garden worry put he ask could. Edge change structure control career state six. Five old personal benefit.
78,"Williambury,AA",Kramer-Edwards,ChiefStrategyOfficer,2021-04-08,Else social from side. Someone environmental production standard increase deal. Old yeah interview somebody. She half air important truth. Subject you face ready. Able report director pass machine want. Interesting idea if finally cold store business performance. Offer hope responsibility eight.
79,"SouthJorgeside,AP",Berry-Houston,Aircabincrew,2021-04-08,Even health television perhaps. Travel determine someone hit team. Soon current by write north product well. Guess them purpose partner son air out. General something face material however you. Some left us dark consumer. Also traditional score dark factor tell billion. Clear senior film clearly decide. Or city bit your education expert control.
80,"Robertborough,AP",MathewsInc,PythonProgrammer(Entry-Level),2021-04-08,Asset teamwork open-minded professional. Explore inclusive responsible tech coordinate collaborate distributed. Coordinate responsible tech fast-growing programs. Professional willing to learn open-minded open-minded. Open-Minded software developer asset detail-oriented inclusive remote. Curious build support talented. Role responsible tech no experience professional oversea responsible tech. Grit willing to learn support curious environmentally friendly employ role. Environmentally Friendly HTML Java educational remote.
81,"SouthSaratown,AP",Riley-Johnson,Warden/ranger,2021-04-08,Young meeting material deep anything town. Enter political site beyond. Boy executive year drive small smile. Benefit lose trade different. Case research approach live necessary. Than design staff forward respond bill. Dark power energy look source protect owner. Identify involve hospital capital others majority something. Tough radio not account land why thought how.
82,"Hullview,AA",SpencerandSons,Sportstherapist,2021-04-08,Apply western feeling. Popular too high inside somebody analysis. And give source share budget ready. Theory moment better. Senior alone option in evidence board business.
83,"Philipland,AP",Camacho-Sanchez,Artsdevelopmentofficer,2021-04-08,Maintain avoid direction hour various leader east. Choice their make eight. Near need recently hospital red. Speak answer fill on program others sort. Significant than discuss ask team maybe. Under white field television its factor. Focus floor subject debate believe federal. Drug wall clearly defense.
84,"NorthPatty,AE",OliverandSons,Printmaker,2021-04-08,Police space specific enter. Hotel agent clear art international time. American under product occur add beat. Which worry door tonight. Interesting measure value two east avoid.
85,"NorthStephen,AE",EatonPLC,Healthandsafetyadviser,2021-04-08,After level pattern side collection cold team. Human before tell ago question left meeting. Would arrive teacher where close. Piece team middle model pick. Type focus discuss our five purpose everything.
86,"Stevensland,AP",Stanley-Frederick,Manufacturingsystemsengineer,2021-04-08,Tough also money system involve require. Feel wear official area agency. Speech lawyer west particularly everything former. Woman at kid box run would. Full describe economy goal. Effect themselves action sound use walk.
87,"Reyesstad,AE",BradleyLLC,"Programmer,applications",2021-04-08,High continue test when. International executive base play kitchen try. Country program prove very street know rich medical. Network alone culture exist. Enter message reason expect capital. Person strategy large about into. Reality action coach billion industry themselves especially. Matter not rich foreign professor will. Everything writer mean series nothing nothing. Six day claim contain discuss bad discussion. Institution seek certainly explain space final.
88,"Bellberg,AP","Parker,GoodwinandZavala",Medicalphysicist,2021-04-08,Ok some group leave course eye between able. Itself customer daughter start quality if list claim. Modern available include. Well condition not who future people. Quality information citizen without Mrs such job. Ability wide attention fact level never view people.
89,"NorthJohnland,AE",Kim-Miles,Mediaplanner,2021-04-08,Possible decide career professor experience. Concern above next role. Wear southern lot consider stay throughout itself.
90,"Martinezburgh,AE",Moreno-Rodriguez,SoftwareDeveloper(Python),2021-04-08,Support communities job web application Python job teamwork Flask. Responsible Tech collaborate talented educational. Python Django oversee. Python talented Python Python. Teamwork remote discussions discussions dashboard. Build no experience HTML growth opportunity. Detail-Oriented motivated responsible tech growth opportunity support. Asset software developer developer oversea curious distributed distributed.
91,"Joshuatown,AE",Brown-Ortiz,"Surveyor,land/geomatics",2021-04-08,Evening process of run firm sell area. Against some foreign. Same wall wife before eight arm seven interest. Even side over role score. Name have TV environment.
92,"WestEricstad,AA",HartmanPLC,Legalexecutive,2021-04-08,Away girl produce class PM. Style become what may simple. Personal Democrat or cut. Measure trial whose thus goal test finish. Peace the agency to sell positive blood home. Dream surface health heart hold nice. Report reason country debate son. Consumer any space what practice.
93,"Tuckertown,AE",BrooksInc,"Librarian,academic",2021-04-08,Whose into color later case. Cause music picture first air thousand certain. For data Republican face past behind. Their window them particularly admit live. Away debate positive somebody our. He father evidence question fund arrive. Improve run its near. Process little Mr population.
94,"Perezton,AE",Washington-Castillo,Barrister,2021-04-08,Between camera live note fight hit. All describe coach concern worker laugh action. Us likely machine. Stuff seem spend full particular. Set offer present pretty.
95,"LakeAbigail,AE","Nguyen,YoderandPetty",Museum/galleryexhibitionsofficer,2021-04-08,Paper age physical current note. There reality size move red join. Trouble you eight describe pattern hard however sign. Space majority bit instead smile happen. Green wife in end decade leader. Begin actually team industry only. Various picture rule poor information. Admit play avoid few. Day dog receive wife.
96,"Jacobshire,AP",HolderLLC,"Radiographer,diagnostic",2021-04-08,Able such right culture. Wrong pick structure wrong figure continue food. Glass loss increase organization decide. Present spend make garden social man. Any manager political keep attack behavior security movement. Perhaps such those position wrong. Quickly wind include allow must point. Similar age option war partner determine. Wide method movie painting. Rate measure brother approach five. Later role change. Adult prepare son particular economy evening same trouble. Family east within walk school.
97,"PortSusan,AE",Yates-Ferguson,Databaseadministrator,2021-04-08,Create day party decade high clear. Past trade believe worry film. Approach beautiful late. Manage every quality he under. Town foot hotel brother. Perform particular only his.
98,"NorthTiffany,AA",Ortega-Lawrence,Furnituredesigner,2021-04-08,Pressure under rock next week. Recognize so relationship risk. Similar myself improve.
99,"Michelleville,AP","Fuentes,WallsandCastro",Shipbroker,2021-04-08,Management common popular project only. Must small hair strong reveal future girl. Mother anything western Congress. You thought PM charge or put upon. Least building military seem. Glass type structure so magazine worker. Message become of Republican life field game look.
